id,series,difficulty,tags,question,correct_answer,wrong_1,wrong_2,wrong_3,source_note,review_notes
blc-001,Bleach,easy,,What is the name of Ichigo Kurosaki's Zanpakuto?,Zangetsu,Zabimaru,Hyorinmaru,Senbonzakura,Agent of the Shinigami arc.,
blc-002,Bleach,easy,,Which squad does Byakuya Kuchiki captain?,Squad 6,Squad 10,Squad 11,Squad 13,Soul Society arc.,
blc-003,Bleach,easy,,What is the name of Byakuya's Bankai?,Senbonzakura Kageyoshi,Hihio Zabimaru,Daiguren Hyorinmaru,Tensa Zangetsu,First shown against Ichigo on Sokyoku Hill.,
blc-004,Bleach,easy,,Who transfers her Soul Reaper powers to Ichigo in the very first episode?,Rukia Kuchiki,Orihime Inoue,Rangiku Matsumoto,Yoruichi Shihoin,Episode 1.,
blc-005,Bleach,easy,,"What is the release command for Byakuya's Shikai, Senbonzakura?",Scatter,Howl,Roar,Growl,"'Howl' is Zabimaru, 'Roar' is Zangetsu's evolved form in some translations; Senbonzakura is 'Scatter'.",
blc-006,Bleach,easy,,In which town does Ichigo live?,Karakura Town,Naruki City,Rukongai,Seireitei,Naruki City is Ginjo's home turf in the Fullbring arc.,
blc-007,Bleach,easy,,What kind of stuffed animal does the Mod Soul Kon live in?,A lion,A rabbit,A bear,A pig,"Kon's plush lion body, from the Agent of the Shinigami arc onward.",
blc-008,Bleach,easy,,Who is the lieutenant of Squad 6 under Byakuya?,Renji Abarai,Izuru Kira,Shuhei Hisagi,Tetsuzaemon Iba,Soul Society arc.,
blc-009,Bleach,easy,,What is the name of Ichigo's Bankai?,Tensa Zangetsu,Zangetsu Kageyoshi,Getsuga Tensho,Mugetsu,Achieved during the Soul Society arc.,
blc-010,Bleach,easy,,Uryu Ishida belongs to which group of Hollow-hunting humans?,The Quincy,The Fullbringers,The Bounts,The Visoreds,Introduced in the Agent of the Shinigami arc.,
blc-011,Bleach,easy,,What is the world that Hollows come from called?,Hueco Mundo,Soul Society,The Dangai,Las Noches,Las Noches is Aizen's palace inside Hueco Mundo.,
blc-012,Bleach,easy,,Aizen's ten strongest Arrancar are known as the...?,Espada,Sternritter,Fraccion,Privaron,Arrancar arc.,
blc-013,Bleach,easy,,Which captain betrays Soul Society at the end of the Soul Society arc?,Sosuke Aizen,Kisuke Urahara,Byakuya Kuchiki,Kenpachi Zaraki,Together with Gin Ichimaru and Kaname Tosen.,
blc-014,Bleach,easy,,What is Sosuke Aizen's Zanpakuto called?,Kyoka Suigetsu,Shinso,Suzumushi,Ryujin Jakka,Its Shikai is Complete Hypnosis.,
blc-015,Bleach,easy,,Who is the Head Captain of the 13 Court Guard Squads when the series begins?,Genryusai Shigekuni Yamamoto,Shunsui Kyoraku,Jushiro Ukitake,Retsu Unohana,Soul Society arc.,
blc-016,Bleach,easy,,Kenpachi Zaraki is the captain of which squad?,Squad 11,Squad 2,Squad 7,Squad 9,Soul Society arc.,
blc-017,Bleach,easy,,What is Rukia Kuchiki's Zanpakuto?,Sode no Shirayuki,Hyorinmaru,Haineko,Tobiume,First released in the Bount arc in the anime; Arrancar arc in the manga.,
blc-018,Bleach,easy,,Renji Abarai's Zanpakuto is named...?,Zabimaru,Hozukimaru,Wabisuke,Kazeshini,Soul Society arc.,
blc-019,Bleach,easy,,Toshiro Hitsugaya's Zanpakuto is...?,Hyorinmaru,Sode no Shirayuki,Ryujin Jakka,Benihime,Soul Society arc.,
blc-020,Bleach,easy,,What is Ichigo's signature energy slash called?,Getsuga Tensho,Cero,Sokatsui,Senka,Senka is Byakuya's flash-step technique.,
blc-021,Bleach,easy,,"What colour is Ichigo's hair, which constantly gets him into fights?",Orange,Red,White,Blond,Episode 1.,
blc-022,Bleach,easy,,What is Ichigo's official title while working for Soul Society?,Substitute Soul Reaper,Captain of Squad 14,Special War Power,Head Quincy,He receives the Substitute badge after the Soul Society arc.,
blc-023,Bleach,easy,,Byakuya is Rukia's...?,Adoptive older brother,Biological father,Husband,Cousin,Soul Society arc; explained fully at Rukia's execution.,
blc-024,Bleach,easy,,Orihime's power is centred on which accessory?,Her hairpins,Her necklace,Her ring,Her bracelet,The Shun Shun Rikka live in her hairpins.,
blc-025,Bleach,easy,,Who runs the shop in Karakura Town that sells Soul Reaper goods?,Kisuke Urahara,Isshin Kurosaki,Don Kanonji,Kugo Ginjo,The Urahara Shop.,
blc-026,Bleach,easy,,"Which Espada is number 6, the Sexta?",Grimmjow Jaegerjaquez,Ulquiorra Cifer,Nnoitra Gilga,Coyote Starrk,Arrancar arc.,
blc-027,Bleach,easy,,Ulquiorra Cifer holds which Espada number?,4,1,6,9,The Cuatro Espada.,
blc-028,Bleach,easy,,What is the walled city at the centre of Soul Society where the Soul Reapers live?,Seireitei,Rukongai,Las Noches,Karakura,Soul Society arc.,
blc-029,Bleach,easy,,Who is the Quincy emperor who invades Soul Society in the Thousand-Year Blood War?,Yhwach,Jugram Haschwalth,Askin Nakk Le Vaar,Bazz-B,Thousand-Year Blood War arc.,
blc-030,Bleach,easy,,What is Yasutora Sado better known as?,Chad,Sado-kun,Big Guy,Yasu,Ichigo misread his name as Chad and it stuck.,
blc-031,Bleach,easy,,What does Ichigo's father Isshin run?,A small medical clinic,A ramen shop,A dojo,A candy store,The Kurosaki Clinic.,
blc-032,Bleach,easy,,Ichigo's younger sisters are named...?,Karin and Yuzu,Momo and Nanao,Hisana and Rukia,Ururu and Jinta,Episode 1.,
blc-033,Bleach,easy,,Who is the captain of Squad 12 and head of the Department of Research and Development?,Mayuri Kurotsuchi,Kisuke Urahara,Sajin Komamura,Shinji Hirako,Urahara founded the department but Mayuri runs it during the series.,
blc-034,Bleach,easy,,What is the name of Gin Ichimaru's Zanpakuto?,Shinso,Kyoka Suigetsu,Suzumushi,Wabisuke,"'Shoot to kill, Shinso.'",
blc-035,Bleach,easy,,Yoruichi Shihoin can transform into what animal?,A black cat,A white fox,A crow,A dog,Introduced as a talking cat in the Agent of the Shinigami arc.,
blc-036,Bleach,medium,,"What was the name of Byakuya's late wife, Rukia's older sister?",Hisana,Masaki,Yachiru,Nanao,Revealed after Rukia's execution is stopped.,
blc-037,Bleach,medium,,On whose graves did Byakuya swear never to break Soul Society's laws again?,His parents',Hisana's,His grandfather's,Yamamoto's,He broke the rules once by adopting Rukia and swore on his parents' graves never to do so again.,
blc-038,Bleach,medium,,Where does Ichigo's climactic fight with Byakuya take place?,Sokyoku Hill,The Senzaikyu,Kuchiki Manor,The Squad 6 barracks,Soul Society arc.,
blc-039,Bleach,medium,,What is the Sokyoku?,The giant halberd used for Rukia's execution,Byakuya's family heirloom sword,The gate to the Royal Palace,A Kido barrier around Seireitei,It transforms into the fire phoenix Kikoo when released.,
blc-040,Bleach,medium,,"Who was Byakuya's grandfather, the previous captain of Squad 6?",Ginrei Kuchiki,Koga Kuchiki,Sojun Kuchiki,Ichibe Hyosube,Sojun was Byakuya's father and a lieutenant; Ginrei was the captain.,
blc-041,Bleach,medium,,The white hair ornaments Byakuya wears mark him as...?,The head of a noble family,A Kido master,A member of the Royal Guard,A former Squad 2 officer,"The kenseikan, worn by the head of the Kuchiki clan.",
blc-042,Bleach,hard,,"According to Byakuya, his Ginpaku Kazahana no Uzuginu scarf is worth enough to buy how many mansions?",Ten,One,Fifty,A hundred,He says it while fighting Ichigo in the Soul Society arc: the scarf alone could buy ten mansions.,
blc-043,Bleach,medium,,How many days did Ichigo have to achieve Bankai before Rukia's execution?,Three,Ten,One,Seven,Urahara's Tenshintai lets Zangetsu materialise for three days.,
blc-044,Bleach,medium,,Who trains Ichigo to control his inner Hollow?,The Visoreds,The Quincy,Squad Zero,The Fullbringers of Xcution,Arrancar arc.,
blc-045,Bleach,medium,,Which Espada's Resurreccion is Murcielago?,Ulquiorra Cifer,Grimmjow Jaegerjaquez,Tier Harribel,Zommari Rureaux,Hueco Mundo arc.,
blc-046,Bleach,medium,,"Who is the Primera, the number 1 Espada?",Coyote Starrk,Baraggan Louisenbairn,Tier Harribel,Nnoitra Gilga,Fake Karakura Town arc.,
blc-047,Bleach,medium,,"Nel, the childlike Arrancar Ichigo meets in Hueco Mundo, is actually a former...?",Espada number 3,Fraccion of Grimmjow,Soul Reaper lieutenant,Quincy,"Nelliel Tu Odelschwanck, the former Tres Espada.",
blc-048,Bleach,medium,,What is the orb Aizen extracts from Rukia's body called?,The Hogyoku,The Oken,The Soul King's heart,The Reishi core,Soul Society arc finale.,
blc-049,Bleach,medium,,Kenpachi's eyepatch was made by Squad 12 in order to...?,Eat away most of his spiritual power,Hide a missing eye,Let him see Hollows,Block Kido,Revealed in his fight with Ichigo.,
blc-050,Bleach,medium,,"What is the name of Kenpachi Zaraki's Zanpakuto, finally revealed in the Thousand-Year Blood War?",Nozarashi,Yachiru,Sanpo Kenju,Minazuki,Thousand-Year Blood War arc.,
blc-051,Bleach,medium,,Who kills Head Captain Yamamoto?,Yhwach,Sosuke Aizen,Jugram Haschwalth,Kenpachi Zaraki,"After Yamamoto destroys the impostor Royd Lloyd, the real Yhwach kills him.",
blc-052,Bleach,medium,,What is the name of Yhwach's ability that lets him see every possible future?,The Almighty,The Balance,The Visionary,The Miracle,Thousand-Year Blood War arc.,
blc-053,Bleach,medium,,Ichigo's mother Masaki was secretly a...?,Quincy,Soul Reaper,Fullbringer,Hollow,Revealed by Isshin in the Thousand-Year Blood War arc.,
blc-054,Bleach,medium,,Which Hollow killed Ichigo's mother?,Grand Fisher,Shrieker,Acidwire,Metastacia,Agent of the Shinigami arc; Isshin later finishes him.,
blc-055,Bleach,medium,,Renji's Bankai is called...?,Hihio Zabimaru,Daiguren Hyorinmaru,Ryumon Hozukimaru,Kokujo Tengen Myo'o,Soul Society arc.,
blc-056,Bleach,medium,,Which captain is famous as the youngest captain in Soul Society's history?,Toshiro Hitsugaya,Byakuya Kuchiki,Gin Ichimaru,Soi Fon,Soul Society arc.,
blc-057,Bleach,medium,,"Rukia's former lieutenant, whom she was forced to kill when a Hollow possessed him, was...?",Kaien Shiba,Ganju Shiba,Isshin Shiba,Kukaku Shiba,Soul Society arc flashback; the Hollow was Metastacia.,
blc-058,Bleach,medium,,How does Ichigo's group break into the Seireitei?,Fired from Kukaku Shiba's cannon,Through the West Gate,Through a Garganta,Disguised as Squad 4 members,"Jidanbo opened the gate but Gin slammed it shut, so Kukaku fires them in.",
blc-059,Bleach,medium,,"Before defecting, Aizen captained which squad?",Squad 5,Squad 3,Squad 9,Squad 12,Gin was Squad 3 and Tosen Squad 9.,
blc-060,Bleach,medium,,Which Squad 11 officer secretly has a Bankai that he hides from the rest of the squad?,Ikkaku Madarame,Yumichika Ayasegawa,Tetsuzaemon Iba,Makizo Aramaki,"Ryumon Hozukimaru, shown in the Arrancar arc.",
blc-061,Bleach,medium,,Which Espada's number changes from 10 to 0 when he releases?,Yammy Llargo,Szayelaporro Granz,Aaroniero Arruruerie,Zommari Rureaux,Hueco Mundo arc.,
blc-062,Bleach,medium,,What is an Arrancar's sword release called?,Resurreccion,Bankai,Vollstandig,Fullbring,Arrancar arc.,
blc-063,Bleach,medium,,What is the name of Rukia's Bankai?,Hakka no Togame,Sode no Shirayuki Kageyoshi,Hakuren,Juhaku,"Thousand-Year Blood War arc, against As Nodt.",
blc-064,Bleach,medium,,"How many Great Noble Families are there in Soul Society, the Kuchiki clan among them?",Four,Two,Seven,Thirteen,The Four Great Noble Families.,
blc-065,Bleach,medium,,Which captain used to play tag with a young Byakuya and tease him?,Yoruichi Shihoin,Kisuke Urahara,Shunsui Kyoraku,Retsu Unohana,Turn Back the Pendulum flashback; she calls him 'Little Byakuya'.,
blc-066,Bleach,medium,,Which Sternritter nearly kills Byakuya during the first Quincy invasion?,As Nodt,Bambietta Basterbine,Bazz-B,Gremmy Thoumeaux,Thousand-Year Blood War arc; As Nodt uses Byakuya's own stolen Bankai.,
blc-067,Bleach,medium,,Renji and Rukia grew up together in which district of the Rukongai?,Inuzuri,Junrinan,Zaraki,Kusajishi,"District 78, Inuzuri.",
blc-068,Bleach,medium,,What is the highest class of Menos Grande?,Vasto Lorde,Adjuchas,Gillian,Privaron Espada,Explained by Hitsugaya in the Arrancar arc.,
blc-069,Bleach,medium,,Ichigo and Orihime's son is named...?,Kazui,Ichika,Kaien,Sora,Final chapter; Ichika is Renji and Rukia's daughter.,
blc-070,Bleach,medium,,"According to Isshin, what does Ichigo's name mean?",One who protects,Strawberry,First son,Sword of the moon,Isshin explains it early in the series.,
blc-071,Bleach,hard,,Ichigo's Final Getsuga Tensho lets him use a technique named...?,Mugetsu,Senka,Gran Rey Cero,Zanka no Tachi,"Deicide arc, against Aizen.",
blc-072,Bleach,hard,,How long can Ichigo keep his Hollow mask on when he first learns to control it?,11 seconds,60 seconds,3 seconds,30 minutes,Arrancar arc; he keeps training with the Visoreds to extend it.,
blc-073,Bleach,hard,,Which form of Senbonzakura Kageyoshi condenses every blade into a single white sword?,Shukei: Hakuteiken,Senkei,Gokei,Ikka Senjinka,Used against Zommari in the Hueco Mundo arc.,
blc-074,Bleach,hard,,Senbonzakura's blades cannot enter a zone around Byakuya's own body. How wide is that 'hurtless area'?,85 centimetres,1 metre,10 centimetres,3 metres,Ichigo works it out during their Soul Society arc fight.,
blc-075,Bleach,hard,,What is the name of the mascot character Byakuya likes to draw?,Seaweed Ambassador,Chappy the Rabbit,Kon,Sakura Lion,"Wakame Taishi, from the omake and anime extras.",
blc-076,Bleach,hard,,What is the name of Mayuri Kurotsuchi's Bankai?,Konjiki Ashisogi Jizo,Kannonbiraki Benihime Aratame,Zanka no Tachi,Kokujo Tengen Myo'o,"Soul Society arc, against Uryu.",
blc-077,Bleach,hard,,Which squad publishes the Seireitei Bulletin?,Squad 9,Squad 12,Squad 1,Squad 4,Squad 9's official duty.,
blc-078,Bleach,hard,,Which Sternritter can make anything he imagines real?,Gremmy Thoumeaux,Askin Nakk Le Vaar,Lille Barro,Gerard Valkyrie,"'The Visionary', defeated by Kenpachi.",
blc-079,Bleach,hard,,What was Captain Retsu Unohana's original name?,Yachiru Unohana,Retsu Zaraki,Isane Kotetsu,Yachiru Kusajishi,The first Kenpachi; Zaraki named his lieutenant after her.,
blc-080,Bleach,hard,,"The Quincy purge in which Yhwach stole power from 'impure' Quincy, which led to Masaki's death, is called...?",Auswahlen,Sklaverei,Vollstandig,Blut Vene,Thousand-Year Blood War arc.,
blc-081,Bleach,hard,,What is the title of the first chapter of the Bleach manga?,Death & Strawberry,Scatter,Black Moon Rising,Enter the Hollow,Chapter 1.,
blc-082,Bleach,hard,,"Aizen's original sentence of 18,800 years was extended to 20,000 years because he...?",Insulted the Central 46,Attacked a guard,Refused to speak,Tried to escape,Post-Deicide; Central 46 added time after his remark.,
blc-083,Bleach,hard,,"Who is the leader of Squad Zero, the Royal Guard?",Ichibe Hyosube,Oetsu Nimaiya,Senjumaru Shutara,Tenjiro Kirinji,Thousand-Year Blood War arc.,
blc-084,Bleach,hard,,Which Squad Zero member forges Zanpakuto?,Oetsu Nimaiya,Ichibe Hyosube,Kirio Hikifune,Senjumaru Shutara,He reforges Ichigo's Zangetsu.,
blc-085,Bleach,hard,,What is the name of Soi Fon's missile-shaped Bankai?,Jakuho Raikoben,Suzumebachi,Shunko,Kokujo Tengen Myo'o,"Fake Karakura Town arc, against Baraggan.",
blc-086,Bleach,hard,,"Shunsui Kyoraku's Zanpakuto, which forces its opponents to play children's games, is...?",Katen Kyokotsu,Sogyo no Kotowari,Ryujin Jakka,Minazuki,"Fake Karakura Town arc, against Starrk.",
blc-087,Bleach,hard,,What is the name of Squad 1's long-serving lieutenant killed in the first Quincy invasion?,Chojiro Sasakibe,Tetsuzaemon Iba,Marechiyo Omaeda,Sentaro Kotsubaki,Thousand-Year Blood War arc.,
blc-088,Bleach,hard,,"Yumichika's true Zanpakuto, which he hides because it is a Kido type, is...?",Ruri'iro Kujaku,Fuji Kujaku,Hozukimaru,Kazeshini,Shown against Charlotte Chuhlhourne.,
blc-089,Bleach,hard,,"After Zangetsu is reforged in the Thousand-Year Blood War, how many blades does Ichigo wield?",Two,One,Three,"None, he uses his fists","A large and a small blade, representing his Hollow and Quincy sides.",
blc-090,Bleach,medium,filler,"In the anime's Bount arc, who leads the Bounts?",Jin Kariya,Go Koga,Ryo Utagawa,Maki Ichinose,Anime-only Bount arc.,
blc-091,Bleach,medium,filler,"The three Mod Souls who help Ichigo hunt Bounts are Ririn, Noba and...?",Kurodo,Kon,Chappy,Nemu,Anime-only Bount arc.,
blc-092,Bleach,medium,filler,"In the Bount arc, Uryu regains his Quincy powers with a bangle given to him by...?",Nemu Kurotsuchi,Ryuken Ishida,Mayuri Kurotsuchi,Kisuke Urahara,Anime-only Bount arc; the Quincy Bangle.,
blc-093,Bleach,medium,filler,"Shusuke Amagai becomes captain of which squad, replacing the traitor Gin Ichimaru?",Squad 3,Squad 5,Squad 9,Squad 6,Anime-only New Captain Shusuke Amagai arc.,
blc-094,Bleach,hard,filler,Captain Amagai's real goal was revenge against Head Captain Yamamoto for...?,The death of his father,Exiling his clan,Killing his Zanpakuto spirit,Disbanding his squad,Anime-only Amagai arc.,
blc-095,Bleach,medium,filler,"In the New Captain Shusuke Amagai arc, Ichigo's group protects a young noble named...?",Rurichiyo Kasumioji,Senna,Nozomi Kujo,Homura,Anime-only Amagai arc.,
blc-096,Bleach,medium,filler,"In the Zanpakuto Rebellion arc, the villain Muramasa is the Zanpakuto of which Kuchiki clan member?",Koga Kuchiki,Ginrei Kuchiki,Sojun Kuchiki,Hisana Kuchiki,Anime-only Zanpakuto Unknown Tales arc.,
blc-097,Bleach,medium,filler,"In the Zanpakuto Rebellion arc, Senbonzakura's materialised spirit wears...?",A samurai mask,A nobleman's scarf,Nothing but petals,A Hollow mask,Anime-only Zanpakuto Unknown Tales arc.,
blc-098,Bleach,medium,filler,"When Zabimaru materialises in the Zanpakuto Rebellion arc, it appears as...?",A monkey-woman and a snake-child,A giant baboon,Twin swordsmen,A skeletal serpent,Anime-only; Saru and Hebi.,
blc-099,Bleach,medium,filler,"In the Gotei 13 Invading Army arc, Kageroza Inaba creates copies of Soul Reapers called...?",Reigai,Gigai,Bounts,Fraccion,Anime-only Gotei 13 Invading Army arc.,
blc-100,Bleach,hard,filler,"In the anime's Bount arc, what do the Bounts feed on to live forever?",Human souls,Reishi from Hollows,Zanpakuto,Blood,Anime-only Bount arc.,
nar-001,Naruto,easy,,Which Tailed Beast is sealed inside Naruto?,The Nine-Tails,The One-Tail,The Eight-Tails,The Two-Tails,Episode 1.,
nar-002,Naruto,easy,,Which jutsu did Naruto learn from the Forbidden Scroll?,Shadow Clone Jutsu,Rasengan,Sexy Jutsu,Summoning Jutsu,Episode 1.,
nar-003,Naruto,easy,,Who is the sensei of Team 7?,Kakashi Hatake,Iruka Umino,Might Guy,Asuma Sarutobi,Introduced in the early episodes.,
nar-004,Naruto,easy,,What is Naruto's dream?,To become Hokage,To defeat Sasuke,To join the Akatsuki,To open a ramen shop,Stated constantly from episode 1.,
nar-005,Naruto,easy,,Which village is Naruto from?,The Hidden Leaf Village,The Hidden Sand Village,The Hidden Mist Village,The Hidden Cloud Village,Konohagakure.,
nar-006,Naruto,easy,,"Sasuke Uchiha's older brother, who massacred their clan, is...?",Itachi,Madara,Obito,Shisui,Revealed in the early series.,
nar-007,Naruto,easy,,Which eye technique is the Uchiha clan known for?,Sharingan,Byakugan,Rinnegan,Tenseigan,Land of Waves arc.,
nar-008,Naruto,easy,,What is Naruto's favourite food?,Ramen,Sushi,Dango,Curry,Ichiraku Ramen.,
nar-009,Naruto,easy,,The organisation of rogue ninja in black cloaks with red clouds is...?,The Akatsuki,The Anbu,The Sound Four,Root,Introduced in the Search for Tsunade arc.,
nar-010,Naruto,medium,,Who taught Naruto the Rasengan?,Jiraiya,Kakashi,Minato,Tsunade,Search for Tsunade arc.,
nar-011,Naruto,medium,,Which of the Legendary Sannin becomes the Fifth Hokage?,Tsunade,Jiraiya,Orochimaru,Kakashi,Search for Tsunade arc.,
nar-012,Naruto,medium,,Who is Naruto's father?,Minato Namikaze,Hiruzen Sarutobi,Jiraiya,Hashirama Senju,"The Fourth Hokage, confirmed during the Pain arc.",
nar-013,Naruto,medium,,Gaara is the jinchuriki of which Tailed Beast?,Shukaku the One-Tail,Matatabi the Two-Tails,Gyuki the Eight-Tails,Kurama the Nine-Tails,Chunin Exams arc.,
nar-014,Naruto,medium,,"Kakashi's signature lightning jutsu, which he teaches to Sasuke, is...?",Chidori,Rasengan,Kirin,Amaterasu,Chunin Exams arc.,
nar-015,Naruto,medium,,Rock Lee is unable to use...?,Ninjutsu or genjutsu,Taijutsu,Weapons,Chakra at all,Chunin Exams arc.,
nar-016,Naruto,medium,,Who leads the Akatsuki when it attacks the Hidden Leaf and fights Naruto?,Pain (Nagato),Itachi,Tobi,Kisame,Pain's Assault arc.,
nar-017,Naruto,medium,,Which Uchiha is revealed to be the masked man called Tobi?,Obito Uchiha,Madara Uchiha,Shisui Uchiha,Izuna Uchiha,Fourth Shinobi World War.,
nar-018,Naruto,medium,,Where does Naruto learn Sage Mode?,Mount Myoboku with the toads,Ryuchi Cave with the snakes,Shikkotsu Forest with the slugs,The Valley of the End,Taught by Fukasaku after Jiraiya's death.,
nar-019,Naruto,medium,,Who is the medical ninja on Team 7 trained by Tsunade?,Sakura Haruno,Ino Yamanaka,Hinata Hyuga,Tenten,Between the original series and Shippuden.,
nar-020,Naruto,hard,,"What is the forbidden sealing technique that costs the user's own life, used by the Third Hokage against Orochimaru?",Reaper Death Seal,Eight Trigrams Sealing,Flying Thunder God,Reanimation Jutsu,Invasion of Konoha arc.,
nar-021,Naruto,hard,,Who founded the Hidden Leaf Village alongside Hashirama Senju?,Madara Uchiha,Tobirama Senju,Hiruzen Sarutobi,Kagami Uchiha,Revealed in the Shippuden flashbacks.,
nar-022,Naruto,hard,,The Seven Ninja Swordsmen belong to which village?,The Hidden Mist,The Hidden Cloud,The Hidden Stone,The Hidden Rain,Zabuza is introduced as one in the Land of Waves arc.,
nar-023,Naruto,hard,,"Who is the final villain of the Fourth Shinobi World War, the mother of all chakra?",Kaguya Otsutsuki,Madara Uchiha,Black Zetsu,Hagoromo Otsutsuki,End of the war arc.,
nar-024,Naruto,hard,,Which gate does Might Guy open against Madara Uchiha?,The Eighth Gate of Death,The Sixth Gate of Joy,The Seventh Gate of Wonder,The Fifth Gate of Closing,Fourth Shinobi World War.,
nar-025,Naruto,hard,,"Who is the Eight-Tails jinchuriki, the Fourth Raikage's adoptive brother?",Killer Bee,Darui,Omoi,Shee,"Shippuden, Five Kage Summit era.",
nar-026,Naruto,easy,,Which Academy teacher was the first to acknowledge Naruto?,Iruka Umino,Mizuki,Kakashi Hatake,Ebisu,Episode 1.,
nar-027,Naruto,easy,,What is Naruto's catchphrase in the English dub?,Believe it!,Dattebayo!,Ya know!,Let's go!,The English anime's translation of 'dattebayo'.,
nar-028,Naruto,easy,,What is Sasuke's ambition when the series begins?,To kill his brother and restore his clan,To become Hokage,To join the Akatsuki,To master every jutsu,Stated in Team 7's first meeting.,
nar-029,Naruto,easy,,Who does Sakura have a crush on at the start of the series?,Sasuke,Naruto,Kakashi,Rock Lee,Early episodes.,
nar-030,Naruto,easy,,Team 7's first real mission is to escort a bridge builder named...?,Tazuna,Inari,Gato,Kaiza,Land of Waves arc.,
nar-031,Naruto,easy,,What are the exams that let genin be promoted to the next rank?,The Chunin Exams,The Jonin Trials,The Hokage Exams,The Anbu Selection,Chunin Exams arc.,
nar-032,Naruto,easy,,Which Sannin bites Sasuke and leaves a Curse Mark on his neck?,Orochimaru,Jiraiya,Tsunade,Kabuto,"Chunin Exams arc, Forest of Death.",
nar-033,Naruto,easy,,Gaara comes from which village?,The Hidden Sand,The Hidden Leaf,The Hidden Mist,The Hidden Stone,Chunin Exams arc.,
nar-034,Naruto,easy,,Which clan uses the Shadow Possession Jutsu?,The Nara clan,The Yamanaka clan,The Akimichi clan,The Aburame clan,Shikamaru's clan.,
nar-035,Naruto,easy,,Which of Naruto's classmates is always eating a bag of chips?,Choji Akimichi,Shikamaru Nara,Kiba Inuzuka,Shino Aburame,Chunin Exams arc.,
nar-036,Naruto,easy,,What is the name of Kiba's ninja hound?,Akamaru,Pakkun,Tonton,Gamakichi,Chunin Exams arc.,
nar-037,Naruto,easy,,Shino Aburame's clan fights using...?,Insects,Dogs,Shadows,Puppets,Chunin Exams arc.,
nar-038,Naruto,easy,,Hinata belongs to which clan?,The Hyuga clan,The Uchiha clan,The Senju clan,The Uzumaki clan,Chunin Exams arc.,
nar-039,Naruto,easy,,Who is Rock Lee's beloved sensei?,Might Guy,Kakashi Hatake,Asuma Sarutobi,Kurenai Yuhi,Chunin Exams arc.,
nar-040,Naruto,easy,,What is the name of Naruto's transformation into a naked woman to distract opponents?,Sexy Jutsu,Harem Jutsu,Transformation Jutsu,Shadow Clone Jutsu,Episode 1.,
nar-041,Naruto,easy,,What title did Naruto's father hold?,The Fourth Hokage,The Third Hokage,The Fifth Hokage,The First Hokage,Minato Namikaze.,
nar-042,Naruto,easy,,What is the name of Naruto's mother?,Kushina Uzumaki,Mito Uzumaki,Karin Uzumaki,Tsunade Senju,Revealed in Shippuden.,
nar-043,Naruto,easy,,What are the three basic ninja arts?,"Ninjutsu, genjutsu and taijutsu","Kenjutsu, fuinjutsu and senjutsu","Ninjutsu, kenjutsu and medical jutsu","Genjutsu, senjutsu and juinjutsu",Explained early in the series.,
nar-044,Naruto,easy,,"Who is Naruto's godfather and mentor, the Toad Sage?",Jiraiya,Orochimaru,Hiruzen Sarutobi,Kakashi Hatake,Chunin Exams arc.,
nar-045,Naruto,easy,,Which Akatsuki member makes explosive clay sculptures and says 'art is an explosion'?,Deidara,Sasori,Kisame,Hidan,Kazekage Rescue arc.,
nar-046,Naruto,easy,,Which shark-like Akatsuki swordsman is partnered with Itachi?,Kisame Hoshigaki,Zabuza Momochi,Kakuzu,Suigetsu,Search for Tsunade arc.,
nar-047,Naruto,easy,,What is the Akatsuki hunting throughout Shippuden?,The Tailed Beasts,The Dragon Balls,The Sharingan,The Hokage,Kazekage Rescue arc.,
nar-048,Naruto,easy,,Who replaces Sasuke on Team 7 in Shippuden?,Sai,Yamato,Rock Lee,Shikamaru,Tenchi Bridge arc.,
nar-049,Naruto,easy,,"Who is Tsunade's assistant, usually seen carrying the pig Tonton?",Shizune,Sakura,Ino,Anko,Search for Tsunade arc.,
nar-050,Naruto,easy,,Who is the Fifth Kazekage at the start of Shippuden?,Gaara,Kankuro,Temari,Baki,Kazekage Rescue arc.,
nar-051,Naruto,easy,,Who ends up marrying Naruto?,Hinata,Sakura,Ino,Temari,The Last: Naruto the Movie and the series epilogue.,
nar-052,Naruto,medium,,Who is Zabuza's masked partner with the Ice Style kekkei genkai?,Haku,Kimimaro,Suigetsu,Zabuza's brother,Land of Waves arc.,
nar-053,Naruto,medium,,"Who proctors the first stage of the Chunin Exams, the written test?",Ibiki Morino,Anko Mitarashi,Hayate Gekko,Genma Shiranui,Chunin Exams arc.,
nar-054,Naruto,medium,,Where does the second stage of the Chunin Exams take place?,The Forest of Death,The Valley of the End,Training Ground 3,The Hokage Rock,Chunin Exams arc.,
nar-055,Naruto,medium,,Which village invades the Hidden Leaf alongside Orochimaru during the Chunin Exam finals?,The Hidden Sand,The Hidden Mist,The Hidden Cloud,The Hidden Rain,Invasion of Konoha arc.,
nar-056,Naruto,medium,,What is Neji's Gentle Fist technique that strikes sixty-four chakra points?,Eight Trigrams Sixty-Four Palms,Rotation,Eight Trigrams One Hundred Twenty-Eight Palms,Twin Lion Fists,Chunin Exams arc.,
nar-057,Naruto,medium,,Who does Naruto fight in the first match of the Chunin Exam finals?,Neji,Gaara,Sasuke,Kiba,Chunin Exams arc.,
nar-058,Naruto,medium,,What is the name of the toad boss Naruto summons?,Gamabunta,Gamakichi,Gamatatsu,Fukasaku,Chunin Exams arc.,
nar-059,Naruto,medium,,Tsunade suffers from a crippling fear of...?,Blood,Snakes,Heights,Fire,Search for Tsunade arc.,
nar-060,Naruto,medium,,What does Tsunade bet Naruto that he cannot master the Rasengan in a week?,The First Hokage's necklace,Her title as Hokage,A year's worth of ramen,Her gambling winnings,Search for Tsunade arc.,
nar-061,Naruto,medium,,Which member of the Sound Four fights Shikamaru using a flute?,Tayuya,Kidomaru,Jirobo,Sakon,Sasuke Retrieval arc.,
nar-062,Naruto,medium,,Where do Naruto and Sasuke fight at the end of the original series?,The Valley of the End,The Forest of Death,The Hokage Rock,The Land of Waves bridge,Sasuke Retrieval arc.,
nar-063,Naruto,medium,,Roughly how long does Naruto train with Jiraiya between the original series and Shippuden?,Two and a half years,Six months,Five years,Ten years,Start of Shippuden.,
nar-064,Naruto,medium,,Which Akatsuki pair captures Gaara at the start of Shippuden?,Deidara and Sasori,Itachi and Kisame,Hidan and Kakuzu,Pain and Konan,Kazekage Rescue arc.,
nar-065,Naruto,medium,,Sasori's true body is...?,A puppet,A clay sculpture,A shadow clone,A giant scorpion,Kazekage Rescue arc.,
nar-066,Naruto,medium,,Who defeats Sasori?,Sakura and Lady Chiyo,Naruto and Kakashi,Gaara and Kankuro,Team Guy,Kazekage Rescue arc.,
nar-067,Naruto,medium,,Which immortal Akatsuki member worships the god Jashin?,Hidan,Kakuzu,Zetsu,Deidara,Akatsuki Suppression arc.,
nar-068,Naruto,medium,,Who kills Asuma Sarutobi?,Hidan,Kakuzu,Pain,Itachi,Akatsuki Suppression arc.,
nar-069,Naruto,medium,,How does Shikamaru finally deal with the immortal Hidan?,He blows him up and buries the pieces,He seals him in a scroll,He drowns him,He turns him over to the Anbu,Akatsuki Suppression arc.,
nar-070,Naruto,medium,,"Jiraiya dies fighting whom, and where?","Pain, in the Hidden Rain Village","Orochimaru, in the Hidden Sound","Itachi, in the Hidden Leaf","Tobi, at the Valley of the End",Tale of Jiraiya the Gallant arc.,
nar-071,Naruto,medium,,What is the real name of the man controlling the six bodies of Pain?,Nagato,Yahiko,Obito,Konan,Pain's Assault arc.,
nar-072,Naruto,medium,,"Who is Pain's partner, the Akatsuki member who fights with paper?",Konan,Karin,Kurenai,Mei,Pain's Assault arc.,
nar-073,Naruto,medium,,Who steps in to protect Naruto from Pain and confesses her love for him?,Hinata,Sakura,Ino,Tenten,Pain's Assault arc.,
nar-074,Naruto,medium,,What new Rasengan variant does Naruto perfect to fight Pain?,Wind Style: Rasenshuriken,Giant Rasengan,Planetary Rasengan,Tailed Beast Rasengan,Pain's Assault arc.,
nar-075,Naruto,medium,,Who is appointed acting Hokage after Pain's attack leaves Tsunade in a coma?,Danzo Shimura,Kakashi Hatake,Shikaku Nara,Jiraiya,Five Kage Summit arc.,
nar-076,Naruto,medium,,What is the name of Sasuke's team after he leaves Orochimaru?,Taka,Akatsuki,The Sound Four,Team Kakashi,Itachi Pursuit arc; originally named Hebi.,
nar-077,Naruto,medium,,Why did Itachi really massacre the Uchiha clan?,The Leaf's leadership ordered it to stop a coup,To test his power,Orochimaru controlled him,To steal the clan's Sharingan,Revealed by Tobi after Itachi's death.,
nar-078,Naruto,medium,,Which Tailed Beast is sealed inside Killer Bee?,"Gyuki, the Eight-Tails","Kurama, the Nine-Tails","Isobu, the Three-Tails","Son Goku, the Four-Tails",Five Kage Summit arc.,
nar-079,Naruto,medium,,Who reanimates dead shinobi to fight in the Fourth Shinobi World War?,Kabuto,Orochimaru,Madara,Zetsu,Fourth Shinobi World War.,
nar-080,Naruto,medium,,What is the Nine-Tails' real name?,Kurama,Shukaku,Gyuki,Matatabi,Fourth Shinobi World War.,
nar-081,Naruto,medium,,What was Minato's nickname during the Third Great Ninja War?,The Yellow Flash,The White Fang,The Copy Ninja,The Toad Sage,Kakashi Gaiden.,
nar-082,Naruto,medium,,Who grants Naruto and Sasuke their Six Paths powers?,"Hagoromo, the Sage of Six Paths",Kaguya,Madara,The Fourth Hokage,Fourth Shinobi World War.,
nar-083,Naruto,medium,,Naruto and Sasuke each lose which body part in their final battle?,An arm,An eye,A leg,A hand,Final battle at the Valley of the End.,
nar-084,Naruto,medium,,Which Sound village leader trained Kabuto and later sealed his own arms away by the Third Hokage?,Orochimaru,Kimimaro,Danzo,Zabuza,Invasion of Konoha arc.,
nar-085,Naruto,hard,,Who gave Kakashi his Sharingan?,Obito Uchiha,Itachi Uchiha,Shisui Uchiha,Madara Uchiha,Kakashi Gaiden.,
nar-086,Naruto,hard,,How did Rin Nohara die?,She jumped in front of Kakashi's Chidori,Obito killed her,The Mist executed her,She was crushed by Madara,Revealed in the Fourth Shinobi World War.,
nar-087,Naruto,hard,,What is Madara's plan to trap the entire world in a dream called?,The Infinite Tsukuyomi,The Eye of the Moon,Izanami,Chibaku Tensei,Fourth Shinobi World War.,
nar-088,Naruto,hard,,Who becomes the first jinchuriki of the Ten-Tails during the war?,Obito,Madara,Kaguya,Naruto,Fourth Shinobi World War.,
nar-089,Naruto,hard,,Naruto and Sasuke are reincarnations of which two brothers?,Asura and Indra,Hashirama and Tobirama,Hagoromo and Hamura,Madara and Izuna,Revealed by the Sage of Six Paths.,
nar-090,Naruto,hard,,What kekkei genkai did the First Hokage possess?,Wood Style,Ice Style,Lava Style,Storm Style,Also used by Yamato.,
nar-091,Naruto,hard,,Which Hokage invented the Reanimation Jutsu?,"Tobirama, the Second","Hashirama, the First","Hiruzen, the Third","Minato, the Fourth",Fourth Shinobi World War.,
nar-092,Naruto,hard,,What is the name of the Fourth Raikage?,A,Darui,Killer Bee,Omoi,Five Kage Summit arc.,
nar-093,Naruto,hard,,Who is the Fifth Mizukage?,Mei Terumi,Yagura,Chojuro,Ao,Five Kage Summit arc.,
nar-094,Naruto,hard,,What is the name of Kisame's chakra-eating sword?,Samehada,Kubikiribocho,Hiramekarei,Kabutowari,Search for Tsunade arc.,
nar-095,Naruto,hard,,Which two legendary items does Itachi's Susanoo wield?,The Totsuka Blade and the Yata Mirror,The Kusanagi and the Yasakani Jewel,The Sword of Nunoboko and the Mirror of Amaterasu,The Gunbai and the Kama,Itachi vs Sasuke.,
nar-096,Naruto,hard,,What is the name of Shisui Uchiha's Mangekyo Sharingan ability?,Kotoamatsukami,Kamui,Amaterasu,Izanagi,Five Kage Summit arc.,
nar-097,Naruto,hard,,Which Hidden Cloud jinchuriki of the Two-Tails was killed by Hidan and Kakuzu?,Yugito Nii,Yugao,Fu,Han,Akatsuki Suppression arc.,
nar-098,Naruto,hard,,Which technique lets Danzo rewrite his own death using the Sharingan in his arm?,Izanagi,Izanami,Kotoamatsukami,Kamui,Five Kage Summit arc.,
nar-099,Naruto,hard,,What was Jiraiya's dying message to the Leaf about Pain?,The real one is not among them,Aim for the eyes,He is Yahiko,Pain cannot be defeated,"Tale of Jiraiya the Gallant arc, written on Fukasaku's back.",
nar-100,Naruto,hard,,"Who was Kakashi's father, known as the White Fang of the Leaf?",Sakumo Hatake,Shikaku Nara,Dan Kato,Inoichi Yamanaka,Kakashi Gaiden.,
dbl-001,Dragon Ball,easy,dbz,What is the name of Goku's signature energy wave?,Kamehameha,Galick Gun,Masenko,Final Flash,Learned by watching Master Roshi in the original Dragon Ball.,
dbl-002,Dragon Ball,easy,db,How many Dragon Balls must be gathered to summon Shenron?,Seven,Five,Nine,Three,"Dragon Ball, episode 1.",
dbl-003,Dragon Ball,easy,dbz,Piccolo is a member of which alien race?,Namekian,Saiyan,Frieza's race,Majin,Revealed in the Saiyan Saga.,
dbl-004,Dragon Ball,easy,dbz,What is the name of Goku's eldest son?,Gohan,Goten,Trunks,Bardock,Introduced at the start of Z.,
dbl-005,Dragon Ball,easy,dbz,Who is the Prince of all Saiyans?,Vegeta,Raditz,Nappa,Broly,Saiyan Saga.,
dbl-006,Dragon Ball,easy,dbz,"Piccolo's signature attack, charged with two fingers at his forehead, is the...?",Special Beam Cannon,Spirit Bomb,Destructo Disc,Big Bang Attack,"First used to kill Raditz, and Goku.",
dbl-007,Dragon Ball,easy,dbz,What planet did the Saiyans come from?,Planet Vegeta,Namek,Yardrat,Earth,Saiyan Saga.,
dbl-008,Dragon Ball,easy,db,What is the name of the dragon summoned by Earth's Dragon Balls?,Shenron,Porunga,Super Shenron,Icarus,"Dragon Ball, Emperor Pilaf Saga.",
dbl-009,Dragon Ball,easy,db,"Who is Goku's best friend, a short bald monk?",Krillin,Yamcha,Tien,Chiaotzu,Introduced in the Tournament Saga.,
dbl-010,Dragon Ball,easy,dbz,Which tyrant destroyed Planet Vegeta?,Frieza,Cell,Cooler,Majin Buu,Saiyan and Frieza Sagas.,
dbl-011,Dragon Ball,easy,dbz,What is the name of Vegeta's son who arrives from the future?,Trunks,Goten,Gotenks,Tarble,Trunks Saga.,
dbl-012,Dragon Ball,easy,db,What company does Bulma's family own?,Capsule Corp.,Red Ribbon Industries,Satan Enterprises,Kame House,Dragon Ball.,
dbl-013,Dragon Ball,easy,db,Who is Goku's wife?,Chi-Chi,Bulma,Launch,Videl,Married at the end of the original Dragon Ball.,
dbl-014,Dragon Ball,easy,dbz,Which android was built by Dr. Gero from the cells of the strongest fighters?,Cell,Android 16,Android 19,Android 8,Androids Saga.,
dbl-015,Dragon Ball,easy,dbz,Which transformation turns a Saiyan's hair golden?,Super Saiyan,Great Ape,Kaio-ken,Ultra Instinct,First seen on Namek.,
dbl-016,Dragon Ball,easy,db,What do Saiyans with tails turn into under a full moon?,A Great Ape,A wolf,A dragon,A Super Saiyan,First happens to Goku in Dragon Ball.,
dbl-017,Dragon Ball,easy,db,Who trains Goku and Krillin as children at Kame House?,Master Roshi,Korin,Kami,King Kai,Tournament Saga.,
dbl-018,Dragon Ball,easy,db,What is Goku's flying cloud called?,The Flying Nimbus,The Kinto Cloud,The Sky Carpet,The Power Cloud,Given by Master Roshi in Dragon Ball.,
dbl-019,Dragon Ball,easy,dbz,Which pink creature was sealed away by the wizard Bibidi?,Majin Buu,Dabura,Janemba,Cell,Buu Saga.,
dbl-020,Dragon Ball,easy,db,Which beans instantly restore a fighter's health?,Senzu beans,Zenzu beans,Namek beans,Kami beans,Grown by Korin.,
dbl-021,Dragon Ball,easy,dbz,"Who is Goku's older brother, the first Saiyan to arrive on Earth?",Raditz,Nappa,Vegeta,Turles,"Z, episode 1.",
dbl-022,Dragon Ball,easy,dbz,What is Goku's Saiyan birth name?,Kakarot,Bardock,Tarble,Broly,Revealed by Raditz.,
dbl-023,Dragon Ball,easy,dbz,Which child did Piccolo train alone in the wilderness for a year?,Gohan,Goten,Trunks,Dende,Saiyan Saga.,
dbl-024,Dragon Ball,easy,dbz,What is Vegeta's signature purple energy beam?,Galick Gun,Final Flash,Big Bang Attack,Death Beam,"Saiyan Saga, clashing with Goku's Kamehameha.",
dbl-025,Dragon Ball,easy,dbz,Which technique multiplies Goku's power at great cost to his body?,Kaio-ken,Kamehameha,Fusion,Instant Transmission,Taught by King Kai.,
dbl-026,Dragon Ball,easy,dbz,Goku learns Instant Transmission from the people of which planet?,Yardrat,Namek,Vegeta,Kai's planet,Explained on his return in the Trunks Saga.,
dbl-027,Dragon Ball,easy,dbz,Who sacrifices himself by blocking Nappa's blast to save Gohan?,Piccolo,Krillin,Tien,Yamcha,Saiyan Saga.,
dbl-028,Dragon Ball,easy,dbz,What is Krillin's spinning energy disc attack called?,Destructo Disc,Solar Flare,Tri-Beam,Spirit Ball,Saiyan Saga.,
dbl-029,Dragon Ball,easy,super,Who is the God of Destruction of Universe 7?,Beerus,Whis,Champa,Zeno,Battle of Gods.,
dbl-030,Dragon Ball,easy,super,Who is Beerus's angel attendant and Goku's teacher?,Whis,Vados,The Grand Priest,Supreme Kai,Battle of Gods.,
dbl-031,Dragon Ball,easy,dbz,Which two boys perform the Fusion Dance to become Gotenks?,Goten and Trunks,Goku and Vegeta,Gohan and Trunks,Goten and Gohan,Buu Saga.,
dbl-032,Dragon Ball,easy,super,Who is the last fighter standing for Universe 7 in the Tournament of Power?,Android 17,Goku,Frieza,Vegeta,Universe Survival Saga.,
dbl-033,Dragon Ball,easy,super,What form does Goku first unlock during the Tournament of Power?,Ultra Instinct,Super Saiyan Blue,Super Saiyan God,Super Saiyan 4,Universe Survival Saga.,
dbl-034,Dragon Ball,easy,dbz,Who finally defeats Cell at the Cell Games?,Gohan,Goku,Vegeta,Trunks,Cell Games Saga.,
dbl-035,Dragon Ball,easy,dbz,What is the name of Goku's second son?,Goten,Gohan,Trunks,Uub,Introduced in the Buu Saga.,
dbl-036,Dragon Ball,medium,db,Who is the first person from the outside world that young Goku meets?,Bulma,Krillin,Master Roshi,Yamcha,"Dragon Ball, episode 1.",
dbl-037,Dragon Ball,medium,db,Who ruins Emperor Pilaf's wish by asking Shenron for a pair of panties?,Oolong,Puar,Yamcha,Goku,Emperor Pilaf Saga.,
dbl-038,Dragon Ball,medium,db,"Who raised Goku as a baby, and who is he named after?",Grandpa Gohan,Bardock,Master Roshi,Korin,Dragon Ball; Goku's son is named after him.,
dbl-039,Dragon Ball,medium,db,Mercenary Tao is hired to kill Goku by which organization?,The Red Ribbon Army,The Crane School,The Pilaf Gang,The Demon Clan,Red Ribbon Army Saga.,
dbl-040,Dragon Ball,medium,db,Which Dragon Ball did Goku keep as a memento of his grandfather?,The four-star ball,The one-star ball,The seven-star ball,The two-star ball,"Dragon Ball, episode 1.",
dbl-041,Dragon Ball,medium,db,Piccolo is the reincarnated offspring of which Dragon Ball villain?,King Piccolo,Emperor Pilaf,Mercenary Tao,Commander Red,King Piccolo Saga.,
dbl-042,Dragon Ball,medium,dbz,"In the English dub, Vegeta's scouter famously reads Goku's power level as over...?","9,000","8,000","10,000","1,000","Saiyan Saga; the manga says 8,000, the English anime says 9,000.",
dbl-043,Dragon Ball,medium,dbz,Who trains Goku in Other World before the Saiyans arrive?,King Kai,Kami,Supreme Kai,Grand Kai,Saiyan Saga.,
dbl-044,Dragon Ball,medium,dbz,"What is the name of Namek's dragon, who grants three wishes?",Porunga,Shenron,Super Shenron,Guru,Namek Saga.,
dbl-045,Dragon Ball,medium,dbz,What is the name of Frieza's elite squad?,The Ginyu Force,The Cooler Force,The Frieza Force,The Armored Squadron,Namek Saga.,
dbl-046,Dragon Ball,medium,dbz,Captain Ginyu's signature technique lets him...?,Switch bodies with an opponent,Stop time,Regenerate limbs,Absorb energy,He steals Goku's body on Namek.,
dbl-047,Dragon Ball,medium,dbz,Who does Frieza kill to trigger Goku's first Super Saiyan transformation?,Krillin,Vegeta,Piccolo,Dende,Frieza Saga.,
dbl-048,Dragon Ball,medium,dbz,Who becomes the new Guardian of Earth after Kami fuses with Piccolo?,Dende,Nail,Mr. Popo,Korin,Androids Saga.,
dbl-049,Dragon Ball,medium,dbz,Who does Future Trunks kill moments after arriving on Earth?,Frieza and King Cold,Dr. Gero,Cell,Cooler,Trunks Saga.,
dbl-050,Dragon Ball,medium,dbz,Which android does Krillin eventually marry?,Android 18,Android 17,Android 16,Android 21,Revealed in the Buu Saga.,
dbl-051,Dragon Ball,medium,dbz,Which two androids must Cell absorb to reach his Perfect form?,17 and 18,16 and 17,19 and 20,13 and 14,Imperfect Cell Saga.,
dbl-052,Dragon Ball,medium,dbz,One day outside the Hyperbolic Time Chamber equals how long inside?,One year,One month,One week,Ten years,Perfect Cell Saga.,
dbl-053,Dragon Ball,medium,dbz,What does Cell name the tournament he announces on television?,The Cell Games,The World Martial Arts Tournament,The Tournament of Power,The Cell Cup,Perfect Cell Saga.,
dbl-054,Dragon Ball,medium,dbz,Who takes public credit for defeating Cell?,Hercule,Gohan,Goku,Yamcha,Cell Games Saga; Mr. Satan in the Japanese version.,
dbl-055,Dragon Ball,medium,dbz,What superhero identity does Gohan adopt in high school?,The Great Saiyaman,Saiyaman X,The Golden Warrior,Captain Gohan,Great Saiyaman Saga.,
dbl-056,Dragon Ball,medium,dbz,Who is Gohan's high-school classmate and future wife?,Videl,Erasa,Bulma,Launch,Great Saiyaman Saga.,
dbl-057,Dragon Ball,medium,dbz,Which wizard revives Majin Buu?,Babidi,Bibidi,Dabura,Garlic Jr.,Buu Saga.,
dbl-058,Dragon Ball,medium,dbz,What are Goku and Vegeta called when fused with the Potara earrings?,Vegito,Gogeta,Gotenks,Kefla,Fusion Saga.,
dbl-059,Dragon Ball,medium,dbz,What is Gotenks's attack that fires exploding ghost copies of himself?,Super Ghost Kamikaze Attack,Galactic Donut,Big Tree Cannon,Kamikaze Ghost Rush,Fusion Saga.,
dbl-060,Dragon Ball,medium,dbz,Which transformation does Goku reveal for the first time against Majin Buu?,Super Saiyan 3,Super Saiyan 2,Super Saiyan God,Ultra Instinct,Majin Buu Saga.,
dbl-061,Dragon Ball,medium,dbz,Which attack finally destroys Kid Buu?,The Spirit Bomb,Final Flash,Kamehameha,Special Beam Cannon,Kid Buu Saga; powered by Earth's energy.,
dbl-062,Dragon Ball,medium,dbz,"At the end of Z, Goku leaves to train the reincarnation of Kid Buu, a boy named...?",Uub,Pan,Goten,Trunks,Final episode of Z.,
dbl-063,Dragon Ball,medium,super,Beerus comes to Earth searching for a warrior called the...?,Super Saiyan God,Legendary Super Saiyan,Ultra Instinct Saiyan,God of Destruction,Battle of Gods.,
dbl-064,Dragon Ball,medium,super movie,What new form does Frieza reveal after training for only four months?,Golden Frieza,Black Frieza,Ultimate Frieza,Mecha Frieza,Resurrection F.,
dbl-065,Dragon Ball,medium,super,"Hit, the assassin from Universe 6, fights using...?",Time-Skip,Instant Transmission,Body Change,Hakai,Universe 6 Saga.,
dbl-066,Dragon Ball,medium,super,Goku Black is actually...?,Zamasu in Goku's body,An android copy of Goku,Goku from another timeline,Bardock,Future Trunks Saga.,
dbl-067,Dragon Ball,medium,super,Who is the strongest fighter of Universe 11 at the Tournament of Power?,Jiren,Toppo,Dyspo,Hit,Universe Survival Saga.,
dbl-068,Dragon Ball,medium,super,What is the fusion of Kale and Caulifla called?,Kefla,Kalifla,Caulikale,Vegito,Universe Survival Saga.,
dbl-069,Dragon Ball,medium,super,Who is the childlike king of everything who erases losing universes?,Zeno,The Grand Priest,Beerus,Whis,Universe Survival Saga.,
dbl-070,Dragon Ball,medium,super movie,"In Dragon Ball Super: Broly, who do Goku and Vegeta fuse into to stop Broly?",Gogeta,Vegito,Gotenks,Kefla,Dragon Ball Super: Broly (2018).,
dbl-071,Dragon Ball,medium,super movie,"In Dragon Ball Super: Super Hero, Piccolo unlocks a new form called...?",Orange Piccolo,Super Namekian,Piccolo Beast,Green Piccolo,Dragon Ball Super: Super Hero (2022).,
dbl-072,Dragon Ball,medium,super movie,"In Dragon Ball Super: Super Hero, Gohan's new transformation is called...?",Gohan Beast,Ultimate Gohan,Super Saiyan 5,Gohan Blanco,Dragon Ball Super: Super Hero (2022).,
dbl-073,Dragon Ball,medium,dbz movie,"In Cooler's Revenge, Cooler is Frieza's...?",Older brother,Father,Clone,Son,Dragon Ball Z: Cooler's Revenge.,
dbl-074,Dragon Ball,medium,db,What is Yamcha's signature attack?,Wolf Fang Fist,Tri-Beam,Dodon Ray,Masenko,Dragon Ball.,
dbl-075,Dragon Ball,medium,dbz,What is the yellow energy wave Gohan learned from Piccolo?,Masenko,Kamehameha,Galick Gun,Light Grenade,Saiyan Saga.,
dbl-076,Dragon Ball,medium,dbz,"What is Vegeta's ultimate attack, used against Perfect Cell?",Final Flash,Galick Gun,Big Bang Attack,Final Explosion,Perfect Cell Saga.,
dbl-077,Dragon Ball,medium,dbz,What does Piccolo remove when he decides to fight seriously?,His weighted cape and turban,His antennae,His gloves,His boots,Throughout Z.,
dbl-078,Dragon Ball,medium,dbz,How is Frieza cut in half on Namek?,By his own energy disc,By Goku's Kamehameha,By Trunks's sword,By Piccolo's Special Beam Cannon,Frieza Saga.,
dbl-079,Dragon Ball,hard,dbz,What is the name of Frieza's father?,King Cold,Cooler,King Vegeta,Chilled,Trunks Saga.,
dbl-080,Dragon Ball,hard,dbz,"Who is the Supreme Kai's bodyguard, who later fuses with him?",Kibito,Dende,Elder Kai,Mr. Popo,Buu Saga.,
dbl-081,Dragon Ball,hard,dbz,Who performs the ritual that unlocks Gohan's hidden power before he fights Buu?,Elder Kai,Supreme Kai,Kibito,King Kai,Fusion Saga.,
dbl-082,Dragon Ball,hard,dbz,"Dabura, King of the Demon Realm, turns people to stone with his...?",Spit,Eyes,Sword,Voice,Buu Saga; Krillin and Piccolo get petrified.,
dbl-083,Dragon Ball,hard,dbz,Which Ginyu Force member can briefly stop time?,Guldo,Jeice,Burter,Recoome,Namek Saga.,
dbl-084,Dragon Ball,hard,dbz movie,Which movie villain is known as the Legendary Super Saiyan?,Broly,Turles,Bojack,Lord Slug,"Dragon Ball Z: Broly, the Legendary Super Saiyan (1993).",
dbl-085,Dragon Ball,hard,dbz movie,The movie villain Lord Slug belongs to which race?,Namekian,Saiyan,Frieza's race,Tuffle,Dragon Ball Z: Lord Slug.,
dbl-086,Dragon Ball,hard,db,The Power Pole can extend to link Korin's Tower with...?,Kami's Lookout,Kame House,The moon,Capsule Corp.,"Dragon Ball, Piccolo Jr. Saga.",
dbl-087,Dragon Ball,hard,db,Goku marries Chi-Chi at the end of which World Martial Arts Tournament?,The 23rd,The 21st,The 22nd,The 25th,Piccolo Jr. Saga.,
dbl-088,Dragon Ball,hard,super,"Champa, the God of Destruction of Universe 6, is Beerus's...?",Twin brother,Father,Student,Rival from Universe 9,Universe 6 Saga.,
dbl-089,Dragon Ball,hard,super,Who is the angel attendant of Universe 6?,Vados,Whis,Marcarita,The Grand Priest,Universe 6 Saga.,
dbl-090,Dragon Ball,hard,super,Zamasu's scheme to wipe out every mortal is called the...?,Zero Mortals Plan,Project Zero,Mortal Erasure,The Divine Cleansing,Future Trunks Saga.,
dbl-091,Dragon Ball,hard,super movie,"What is the giant, unfinished bio-android at the end of Super Hero called?",Cell Max,Cell Jr.,Cell Prime,Gamma 3,Dragon Ball Super: Super Hero (2022).,
dbl-092,Dragon Ball,hard,dbz movie,Which movie villain wished for immortality and was trapped in the Dead Zone?,Garlic Jr.,Turles,Dr. Wheelo,Bojack,Dragon Ball Z: Dead Zone.,
dbl-093,Dragon Ball,hard,super,Where is the Tournament of Power held?,The World of Void,The Sacred World of the Kais,Beerus's planet,The Null Realm on Earth,Universe Survival Saga.,
dbl-094,Dragon Ball,hard,dbz,Who cuts off Great Ape Vegeta's tail during the Saiyan Saga?,Yajirobe,Krillin,Gohan,Goku,Saiyan Saga.,
dbl-095,Dragon Ball,hard,db,Launch switches personalities whenever she...?,Sneezes,Sleeps,Gets angry,Sees blood,Dragon Ball.,
dbl-096,Dragon Ball,hard,db,Who wins the 21st World Martial Arts Tournament by beating Goku in the final?,"Jackie Chun, Master Roshi in disguise",Krillin,Yamcha,Nam,Tournament Saga.,
dbl-097,Dragon Ball,hard,db,Kami and King Piccolo were originally...?,"The same Namekian, split in two",Brothers,Master and student,Rivals from Namek,Piccolo Jr. Saga.,
dbl-098,Dragon Ball,hard,dbz,Which Namekian warrior fuses with Piccolo on Namek?,Nail,Dende,Guru,Moori,Frieza Saga.,
dbl-099,Dragon Ball,hard,dbz movie,"In Wrath of the Dragon, which technique does Goku use to destroy Hirudegarn?",Dragon Fist,Spirit Bomb,Kamehameha,Instant Kamehameha,Dragon Ball Z: Wrath of the Dragon.,
dbl-100,Dragon Ball,hard,dbz movie,"In the TV special Bardock: The Father of Goku, Bardock faces which villain alone?",Frieza,Cooler,King Cold,Chilled,Bardock: The Father of Goku.,
ygo-001,Yu-Gi-Oh! Duel Monsters,easy,,What ancient artifact does Yugi Muto wear around his neck?,The Millennium Puzzle,The Millennium Ring,The Millennium Eye,The Millennium Rod,"Yu-Gi-Oh! Duel Monsters, episode 1.",
ygo-002,Yu-Gi-Oh! Duel Monsters,easy,,What is Seto Kaiba's signature monster?,Blue-Eyes White Dragon,Red-Eyes Black Dragon,Dark Magician,Summoned Skull,Episode 1.,
ygo-003,Yu-Gi-Oh! Duel Monsters,easy,,Which monster is Yugi's signature card?,Dark Magician,Blue-Eyes White Dragon,Exodia,Kuriboh,Throughout the series.,
ygo-004,Yu-Gi-Oh! Duel Monsters,easy,,What is Joey Wheeler's signature dragon?,Red-Eyes Black Dragon,Blue-Eyes White Dragon,Harpie's Pet Dragon,Curse of Dragon,Won from Rex Raptor in Duelist Kingdom.,
ygo-005,Yu-Gi-Oh! Duel Monsters,easy,,Who hosts the Duelist Kingdom tournament?,Maximillion Pegasus,Seto Kaiba,Marik Ishtar,Solomon Muto,Duelist Kingdom arc.,
ygo-006,Yu-Gi-Oh! Duel Monsters,easy,,Which tournament does Seto Kaiba host across his home city?,Battle City,Duelist Kingdom,The Grand Championship,The Ceremonial Duel,Battle City arc.,
ygo-007,Yu-Gi-Oh! Duel Monsters,easy,,How many card pieces make up Exodia the Forbidden One?,Five,Three,Seven,Four,Episode 1.,
ygo-008,Yu-Gi-Oh! Duel Monsters,easy,,Which of Yugi's friends dreams of becoming a professional dancer?,Tea Gardner,Mai Valentine,Serenity Wheeler,Rebecca Hawkins,Tea's dream of studying dance in New York.,
ygo-009,Yu-Gi-Oh! Duel Monsters,easy,,What does Yugi's grandpa Solomon Muto run?,A game shop,A museum,A card factory,A dojo,The Kame Game shop.,
ygo-010,Yu-Gi-Oh! Duel Monsters,medium,,How many Egyptian God Cards are there?,Three,Seven,Five,One,"Slifer, Obelisk and Ra.",
ygo-011,Yu-Gi-Oh! Duel Monsters,medium,,Which Egyptian God Card does Kaiba receive from Ishizu Ishtar?,Obelisk the Tormentor,Slifer the Sky Dragon,The Winged Dragon of Ra,Exodia,Start of the Battle City arc.,
ygo-012,Yu-Gi-Oh! Duel Monsters,medium,,Who wields the Millennium Rod during Battle City?,Marik Ishtar,Ishizu Ishtar,Odion,Bakura,Battle City arc.,
ygo-013,Yu-Gi-Oh! Duel Monsters,medium,,What does Weevil Underwood throw overboard on the boat to Duelist Kingdom?,Yugi's Exodia cards,Joey's Red-Eyes,The Millennium Puzzle,Kaiba's Blue-Eyes,Duelist Kingdom arc.,
ygo-014,Yu-Gi-Oh! Duel Monsters,medium,,Joey enters Duelist Kingdom hoping to win the prize money to pay for...?,His sister Serenity's eye surgery,His father's debts,A new deck,Tea's dance school,Duelist Kingdom arc.,
ygo-015,Yu-Gi-Oh! Duel Monsters,medium,,Which card belonging to Yugi's grandpa did Kaiba tear up?,A Blue-Eyes White Dragon,Exodia's head,Dark Magician,Kuriboh,Episode 1; the fourth Blue-Eyes.,
ygo-016,Yu-Gi-Oh! Duel Monsters,medium,,What is the name of the Pharaoh whose spirit lives in the Millennium Puzzle?,Atem,Seto,Aknadin,Mahad,Revealed in the Dawn of the Duel arc.,
ygo-017,Yu-Gi-Oh! Duel Monsters,medium,,Who created the game Dungeon Dice Monsters?,Duke Devlin,Maximillion Pegasus,Seto Kaiba,Solomon Muto,Dungeon Dice Monsters arc.,
ygo-018,Yu-Gi-Oh! Duel Monsters,medium,,Which card did Yugi give Joey that gambles on a 'time roulette'?,Time Wizard,Baby Dragon,Flame Swordsman,Graceful Dice,Early in the Duelist Kingdom arc.,
ygo-019,Yu-Gi-Oh! Duel Monsters,medium,,How many Blue-Eyes White Dragon cards does Kaiba own?,Three,One,Four,Five,Three; the fourth was torn up in episode 1.,
ygo-020,Yu-Gi-Oh! Duel Monsters,hard,,How many Millennium Items are there in total?,Seven,Five,Eight,Three,"Puzzle, Eye, Ring, Rod, Necklace, Key and Scale.",
ygo-021,Yu-Gi-Oh! Duel Monsters,hard,,"In the Waking the Dragons arc, which villain leads the Orichalcos cult?",Dartz,Rafael,Valon,Alister,Waking the Dragons arc.,
ygo-022,Yu-Gi-Oh! Duel Monsters,hard,,Which legendary dragon does Yugi receive in the Waking the Dragons arc?,Timaeus,Critias,Hermos,Slifer,Kaiba gets Critias and Joey gets Hermos.,
ygo-023,Yu-Gi-Oh! Duel Monsters,hard,,"Who is Gozaburo Kaiba's biological son, whose mind lives inside a virtual world?",Noah Kaiba,Mokuba Kaiba,Seto Kaiba,Leon von Schroeder,Virtual World arc.,
ygo-024,Yu-Gi-Oh! Duel Monsters,hard,,"In the final Ceremonial Duel, who defeats the Pharaoh?",Yugi Muto,Seto Kaiba,Joey Wheeler,Yami Bakura,Final episodes.,
ygo-025,Yu-Gi-Oh! Duel Monsters,hard,,"Who is the American child prodigy duelist, granddaughter of Professor Arthur Hawkins?",Rebecca Hawkins,Serenity Wheeler,Vivian Wong,Mai Valentine,Introduced after Duelist Kingdom; returns in Waking the Dragons.,
jjk-001,Jujutsu Kaisen,easy,,What cursed object does Yuji Itadori swallow in the first episode?,Sukuna's finger,A cursed womb,Gojo's blindfold,A cursed tool,Episode 1.,
jjk-002,Jujutsu Kaisen,easy,,Who is the blindfolded teacher of the first-years at Tokyo Jujutsu High?,Satoru Gojo,Kento Nanami,Masamichi Yaga,Suguru Geto,Episode 1.,
jjk-003,Jujutsu Kaisen,easy,,Sukuna is known as the King of...?,Curses,Shadows,Hell,Fingers,Episode 1.,
jjk-004,Jujutsu Kaisen,easy,,Megumi Fushiguro summons his shikigami using...?,Shadows,Blood,Fire,Words,The Ten Shadows Technique.,
jjk-005,Jujutsu Kaisen,easy,,What does Nobara Kugisaki fight with?,A hammer and nails,Twin swords,A spear,A bow,Straw Doll Technique.,
jjk-006,Jujutsu Kaisen,easy,,What is Gojo's Domain Expansion called?,Unlimited Void,Malevolent Shrine,Chimera Shadow Garden,Self-Embodiment of Perfection,First shown against Jogo.,
jjk-007,Jujutsu Kaisen,easy,,What is Sukuna's Domain Expansion called?,Malevolent Shrine,Unlimited Void,Idle Death Gamble,Coffin of the Iron Mountain,Shibuya Incident arc.,
jjk-008,Jujutsu Kaisen,easy,,The arc where the sorcerers fight to rescue Gojo in Tokyo's busiest district is the...?,Shibuya Incident,Shinjuku Showdown,Culling Game,Kyoto Goodwill Event,Season 2.,
jjk-009,Jujutsu Kaisen,easy,,Which special-grade curse reshapes souls with Idle Transfiguration?,Mahito,Jogo,Hanami,Dagon,Introduced in the Vs. Mahito arc.,
jjk-010,Jujutsu Kaisen,medium,,How many fingers does Sukuna have in total?,Twenty,Ten,Fifteen,Nine,He had four arms.,
jjk-011,Jujutsu Kaisen,medium,,Gojo's inherited cursed technique is called...?,Limitless,Ten Shadows,Cursed Speech,Boogie Woogie,Paired with the Six Eyes.,
jjk-012,Jujutsu Kaisen,medium,,Toge Inumaki only speaks using the ingredients of...?,Rice balls,Sushi,Ramen,Curry,To avoid triggering his Cursed Speech.,
jjk-013,Jujutsu Kaisen,medium,,Yuta Okkotsu is haunted by the cursed spirit of his childhood friend...?,Rika,Riko,Yuki,Mei,Jujutsu Kaisen 0.,
jjk-014,Jujutsu Kaisen,medium,,Nanami's Ratio Technique creates a weak point at which ratio of a target?,7:3,5:5,1:9,2:8,Vs. Mahito arc.,
jjk-015,Jujutsu Kaisen,medium,,What is Aoi Todo's technique that swaps positions when he claps?,Boogie Woogie,Star Rage,Cursed Speech,Blood Manipulation,Kyoto Goodwill Event arc.,
jjk-016,Jujutsu Kaisen,medium,,Gojo is sealed during the Shibuya Incident inside the...?,Prison Realm,Cursed Womb,Domain Amplification,Iron Mountain,Shibuya Incident arc.,
jjk-017,Jujutsu Kaisen,medium,,Who is the ancient sorcerer inhabiting Suguru Geto's body?,Kenjaku,Sukuna,Uraume,Tengen,Revealed at the end of the Shibuya Incident.,
jjk-018,Jujutsu Kaisen,medium,,What is a Binding Vow?,A self-imposed contract that trades restrictions for power,A curse placed on a family line,A sorcerer's marriage,A domain's barrier,Explained repeatedly; Yuji and Sukuna make one.,
jjk-019,Jujutsu Kaisen,medium,,"What is Megumi's strongest shikigami, which no user of his technique has ever tamed?",Mahoraga,Nue,Divine Dog: Totality,Max Elephant,Shibuya Incident arc.,
jjk-020,Jujutsu Kaisen,hard,,Gojo's Hollow Purple is created by combining which two techniques?,Blue and Red,Blue and Black,Red and White,Blue and Infinity,First used against Hanami.,
jjk-021,Jujutsu Kaisen,hard,,A Black Flash occurs when cursed energy strikes within how long of a physical hit?,0.000001 seconds,0.1 seconds,1 second,0.01 seconds,Explained by Todo during the Kyoto Goodwill Event.,
jjk-022,Jujutsu Kaisen,hard,,"Who is Megumi's father, known as the Sorcerer Killer?",Toji Fushiguro,Naoya Zenin,Naobito Zenin,Ogi Zenin,Gojo's Past arc.,
jjk-023,Jujutsu Kaisen,hard,,Who was the Star Plasma Vessel that Gojo and Geto were assigned to protect as students?,Riko Amanai,Rika Orimoto,Yuki Tsukumo,Shoko Ieiri,Gojo's Past arc.,
jjk-024,Jujutsu Kaisen,hard,,Who set up the Culling Game?,Kenjaku,Sukuna,Tengen,Hakari,Culling Game arc.,
jjk-025,Jujutsu Kaisen,hard,,Kinji Hakari's Domain Expansion is themed on which game?,Pachinko,Baseball,Mahjong,Horse racing,"Idle Death Gamble, Culling Game arc.",
yyh-001,Yu Yu Hakusho,easy,,How does Yusuke Urameshi die at the very start of the series?,Hit by a car while saving a child,Killed by a demon,Falling off a roof,Drowning,Episode 1.,
yyh-002,Yu Yu Hakusho,easy,,"Yusuke's signature attack, fired from his index finger, is the...?",Spirit Gun,Spirit Sword,Rose Whip,Dragon of the Darkness Flame,Spirit Detective saga.,
yyh-003,Yu Yu Hakusho,easy,,Who is the ferry girl who guides Yusuke to Spirit World?,Botan,Keiko,Yukina,Genkai,Episode 1.,
yyh-004,Yu Yu Hakusho,easy,,Which of Yusuke's allies wields a Spirit Sword?,Kuwabara,Hiei,Kurama,Koenma,Spirit Detective saga.,
yyh-005,Yu Yu Hakusho,easy,,What is Kurama's weapon?,A rose whip,A spirit sword,A katana,A spirit gun,Spirit Detective saga.,
yyh-006,Yu Yu Hakusho,easy,,What is Hiei's third eye called?,The Jagan,The Byakugan,The Third Sight,The Demon Eye,Spirit Detective saga.,
yyh-007,Yu Yu Hakusho,easy,,"Who rules over Spirit World's judgement of the dead, and appears as a toddler with a pacifier?",Koenma,King Enma,Botan,Ogre,Episode 1.,
yyh-008,Yu Yu Hakusho,easy,,Who trains Yusuke and teaches him the Spirit Wave?,Genkai,Koenma,Kurama,Raizen,Spirit Detective saga.,
yyh-009,Yu Yu Hakusho,easy,,What is Yusuke's job title while working for Spirit World?,Spirit Detective,Soul Reaper,Demon Hunter,Spirit Sheriff,Spirit Detective saga.,
yyh-010,Yu Yu Hakusho,medium,,The tournament in which Team Urameshi faces Team Toguro is the...?,Dark Tournament,Demon World Tournament,Genkai's Tournament,Spirit Detective Trials,Dark Tournament saga.,
yyh-011,Yu Yu Hakusho,medium,,"What is the name of Yusuke's spirit beast, hatched from an egg?",Puu,Eikichi,Kuro,Momo,Eikichi is Kuwabara's cat.,
yyh-012,Yu Yu Hakusho,medium,,Which ice apparition is revealed to be Hiei's twin sister?,Yukina,Botan,Mukuro,Keiko,Spirit Detective saga.,
yyh-013,Yu Yu Hakusho,medium,,At what percentage of his power does Younger Toguro fight Yusuke in the Dark Tournament final?,100%,80%,60%,120%,Dark Tournament final.,
yyh-014,Yu Yu Hakusho,medium,,What is Kurama's true demon form?,A silver fox demon,A fire demon,An ice apparition,A wolf demon,Yoko Kurama.,
yyh-015,Yu Yu Hakusho,medium,,"Who is the villain of the Chapter Black saga, a former Spirit Detective?",Shinobu Sensui,Younger Toguro,Sakyo,Yomi,Chapter Black saga.,
yyh-016,Yu Yu Hakusho,medium,,Yusuke discovers he is descended from which Demon World king?,Raizen,Yomi,Mukuro,Enki,End of the Chapter Black saga.,
yyh-017,Yu Yu Hakusho,medium,,What does the Chapter Black tape show?,Humanity's worst atrocities,Demon World's history,Yusuke's past,Genkai's training,Chapter Black saga.,
yyh-018,Yu Yu Hakusho,medium,,What is Hiei's most powerful attack?,Dragon of the Darkness Flame,Fist of the Mortal Flame,Spirit Wave,Shotgun,First unleashed in the Dark Tournament.,
yyh-019,Yu Yu Hakusho,medium,,Who is Yusuke's childhood friend and love interest?,Keiko Yukimura,Botan,Shizuru Kuwabara,Yukina,Episode 1.,
yyh-020,Yu Yu Hakusho,hard,,Which of the Four Saint Beasts is their leader at Maze Castle?,Suzaku,Byakko,Seiryu,Genbu,Spirit Detective saga.,
yyh-021,Yu Yu Hakusho,hard,,Who wins the Demon World Tournament at the end of the series?,Enki,Yusuke,Yomi,Mukuro,Three Kings saga.,
yyh-022,Yu Yu Hakusho,hard,,Who hired the assassin that blinded Yomi in the past?,"Kurama, as Yoko",Raizen,Mukuro,Hiei,Three Kings saga.,
yyh-023,Yu Yu Hakusho,hard,,Who was the wealthy human sponsor of Team Toguro?,Sakyo,Tarukane,Butajiri,Gonzo,Dark Tournament saga.,
yyh-024,Yu Yu Hakusho,hard,,"During Genkai's tournament, the demon Rando disguised himself as a monk named...?",Shorin,Kibano,Kuroda,Kazemaru,Spirit Detective saga.,
yyh-025,Yu Yu Hakusho,hard,,What does Genkai pass on to Yusuke as a glowing orb before the Dark Tournament final?,The Spirit Wave Orb,The Spirit Gun,Sacred Energy,The Jagan,Dark Tournament saga.,
